{
  "game" : {
    "partyname" : "",
    "mapNo" : 0,
    "size" : "small",
    "map" : {
      "activePlayer_id" : 1,
      "moves" : 10
    },
    "player1" : {
      "name" : "Sascha",
      "id" : 1,
      "posx" : 10.504803790123244,
      "posy" : 11.338310740941743
    },
    "player2" : {
      "name" : "Yue",
      "id" : 2,
      "posx" : 85.00106635798204,
      "posy" : 10.992114560319825
    },
    "tank" : {
      "life1" : 100,
      "angle1" : 30,
      "life2" : 100,
      "angle2" : 150
    }
  }
}